Scenario,Country,Year,GDP_USD,Inflation_Rate,Public_Debt_Pct,Budget_Deficit_Pct
2020_Covid19,AUT,2020,428169434864.22986,1.6398877855517706,69.72761044894071,0.08762845073088021
2020_Covid19,AUT,2021,435584372560.4957,1.7191773308551899,69.75132732325102,-0.14705853324086088
2020_Covid19,AUT,2022,431872982598.4439,1.7768588458913734,69.75088730359678,-0.26978635156461234
2020_Covid19,AUT,2023,433730640209.9645,1.8188209628910024,69.75089546729043,-0.3339659542660617
2020_Covid19,AUT,2024,432800829051.0928,1.8493475408074458,69.75089531582925,-0.3675282016780547
2020_Covid19,AUT,2025,433266226326.56525,1.8715549990083018,69.75089531863932,-0.3850793301352335
2020_Covid19,DEU,2020,3858124547762.241,1.3658121698645418,57.81901596461127,1.0861667347010244
2020_Covid19,DEU,2021,3905095665680.9746,1.3680867896175544,57.50373814667987,1.017266117568686
2020_Covid19,DEU,2022,3883416579707.9375,1.368021992490472,57.388849176918754,0.9975754180573161
2020_Covid19,DEU,2023,3893422361759.7817,1.3680238383672048,57.346983004856995,0.9919481296035371
2020_Covid19,DEU,2024,3888804285398.374,1.3680237857836866,57.33172674164261,0.9903399401472026
2020_Covid19,DEU,2025,3890935715922.1743,1.368023787281634,57.326167275472095,0.9898803452021935
2020_Covid19,ESP,2020,1361859759742.4338,0.7972105963620512,96.04344222777414,-2.995486065222619
2020_Covid19,ESP,2021,1370966189354.6772,0.7788137482099627,95.16708433919305,-3.010775956164825
2020_Covid19,ESP,2022,1368974504043.4988,0.7822781608650645,94.69177832688175,-3.0073963484299617
2020_Covid19,ESP,2023,1369410109494.5562,0.7816257580759777,94.43398889144338,-3.008143361504464
2020_Covid19,ESP,2024,1369314837360.9888,0.7817486156687594,94.2941728754404,-3.0079782451426684
2020_Covid19,ESP,2025,1369335674518.5874,0.7817254796730884,94.21834153542561,-3.0080147417099488
2020_Covid19,EST,2020,30101102118.89938,1.413883802983679,8.851183359863862,0.07570354128694909
2020_Covid19,EST,2021,30709614243.180912,0.6059601612726967,8.991298277493609,0.14562676488047938
2020_Covid19,EST,2022,30500724893.935154,-0.15007311010210678,8.890917219056748,0.17206467962372485
2020_Covid19,EST,2023,30572432191.92833,-0.8575487648746405,8.96283216618273,0.1820608339777382
2020_Covid19,EST,2024,30547816592.310406,-1.5195855045880329,8.911310896127725,0.1858403719193525
2020_Covid19,EST,2025,30556266607.32293,-2.139101726487226,8.948221738367945,0.18726941218285809
2020_Covid19,EU27,2020,15422226659375.244,1.6448343963356074,77.58907925735637,-0.6736367045964712
2020_Covid19,EU27,2021,15570487428944.1,1.6373126698759497,77.240343587991,-0.6941040666666876
2020_Covid19,EU27,2022,15513665771304.123,1.6412658003864333,77.16106294378602,-0.6960461152965483
2020_Covid19,EU27,2023,15535442946657.684,1.6391881868336498,77.14303949193496,-0.696230386863534
2020_Covid19,EU27,2024,15527096738784.19,1.6402801007138679,77.13894208808708,-0.6962478714979954
2020_Covid19,EU27,2025,15530295463354.14,1.6397062327198826,77.13801059513936,-0.6962495305300819
2020_Covid19,HUN,2020,160342901402.09888,3.7154286439858493,61.8953923095058,-2.1798529027628644
2020_Covid19,HUN,2021,161763807036.19553,3.3762680296841814,60.15831876886064,-2.226884567767414
2020_Covid19,HUN,2022,161324305679.2978,3.6815148804102082,59.182765029299716,-2.2411037516076133
2020_Covid19,HUN,2023,161460248164.20303,3.4067906466721425,58.63488661396341,-2.2454026678603514
2020_Covid19,HUN,2024,161418199695.1547,3.6540443183265903,58.327193920246174,-2.246702368402643
2020_Covid19,HUN,2025,161431205737.7509,3.4315143386638067,58.154391358369644,-2.2470953096465105
2020_Covid19,POL,2020,595940022696.6838,15.985704031003102,44.765635366809164,-1.0775756874548557
2020_Covid19,POL,2021,598970797080.9807,22.611291172121405,44.546860758919934,-0.9427926283863896
2020_Covid19,POL,2022,597608706724.0876,25.801993770561854,44.43941955915002,-0.9956058755849662
2020_Covid19,POL,2023,598220857252.3334,27.338549377613504,44.38665469983031,-0.9749115902724396
2020_Covid19,POL,2024,597945744615.8367,28.078512774614488,44.36074163868626,-0.9830204165104103
2020_Covid19,POL,2025,598069385712.7039,28.43485902488256,44.348015617115976,-0.979843062861101
2022_Ukr_Konfliktus,AUT,2022,486214752797.8238,2.6625245718042425,80.71338960947902,-4.0537881229745585
2022_Ukr_Konfliktus,AUT,2023,483250446053.5115,2.5842560781394672,81.35569233386988,-3.3604635406974444
2022_Ukr_Konfliktus,AUT,2024,484779067990.03564,2.5254330142415915,81.11094109147582,-3.067302904902235
2022_Ukr_Konfliktus,AUT,2025,483990794296.9348,2.4812242568691367,81.20420423419446,-2.9433448619065796
2022_Ukr_Konfliktus,AUT,2026,484397288146.32166,2.4479989520497605,81.16866605385806,-2.890931288775818
2022_Ukr_Konfliktus,AUT,2027,484187669011.4507,2.423028313969164,81.18220797647407,-2.8687690911326205
2022_Ukr_Konfliktus,DEU,2022,4414266126042.796,3.996269321817909,67.45228568855215,-2.072014850430615
2022_Ukr_Konfliktus,DEU,2023,4385749737538.006,3.9107268235857244,67.38015043930685,-1.5943765245939492
2022_Ukr_Konfliktus,DEU,2024,4399529214180.451,3.9185984867777934,67.36944375613324,-1.3860814187031536
2022_Ukr_Konfliktus,DEU,2025,4392870798213.513,3.9178741324195516,67.3678546153764,-1.295245217353402
2022_Ukr_Konfliktus,DEU,2026,4396088228333.6245,3.9179407878675176,67.3676187469656,-1.255632114393707
2022_Ukr_Konfliktus,DEU,2027,4394533525739.3135,3.9179346542000757,67.36758373816794,-1.2383570863456559
2022_Ukr_Konfliktus,ESP,2022,1540798064072.6865,2.70873846994132,116.85594717890046,-4.853211669733625
2022_Ukr_Konfliktus,ESP,2023,1513962777649.789,2.7782832556023136,117.63923813754583,-5.606162467374631
2022_Ukr_Konfliktus,ESP,2024,1523014996031.8503,2.765701259336576,118.1685497126241,-5.290847990089085
2022_Ukr_Konfliktus,ESP,2025,1519961454648.1218,2.767977585714268,118.52623384062215,-5.422892766317957
2022_Ukr_Konfliktus,ESP,2026,1520991491108.6453,2.767565754263333,118.7679401275153,-5.367596152348839
2022_Ukr_Konfliktus,ESP,2027,1520644033852.7322,2.767640262534924,118.93127398705964,-5.390752808778395
2022_Ukr_Konfliktus,EST,2022,38958397754.18557,8.264317190857323,18.044811359756423,-1.4036925897533843
2022_Ukr_Konfliktus,EST,2023,38424361112.41458,11.649160746308542,18.249543627589983,-0.9598467208790498
2022_Ukr_Konfliktus,EST,2024,38586653088.29132,14.82187981353,18.139350001929426,-0.785054468551611
2022_Ukr_Konfliktus,EST,2025,38537333091.5461,17.79576800499435,18.198659827706816,-0.7162190154895273
2022_Ukr_Konfliktus,EST,2026,38552321276.0562,20.583285836844603,18.166737332983026,-0.6891107224435287
2022_Ukr_Konfliktus,EST,2027,38547766416.16703,23.196112938140914,18.183919067308384,-0.678435125506512
2022_Ukr_Konfliktus,EU27,2022,17994132074094.676,2.844300280171545,87.67757888262149,-4.143278629019593
2022_Ukr_Konfliktus,EU27,2023,17785055533900.52,2.686333731198717,87.63128495106767,-3.832621916128364
2022_Ukr_Konfliktus,EU27,2024,17872673356581.91,2.7724414224170344,87.62794206483551,-3.6314686187417946
2022_Ukr_Konfliktus,EU27,2025,17835955306607.01,2.7255040515928832,87.6277006749171,-3.501219867079838
2022_Ukr_Konfliktus,EU27,2026,17851342760354.426,2.751089649681887,87.6276832441436,-3.4168825107953134
2022_Ukr_Konfliktus,EU27,2027,17844894331502.93,2.7371429198570625,87.62768198546691,-3.362273237583059
2022_Ukr_Konfliktus,HUN,2022,194992424839.23843,5.476762522788393,76.85039835077487,-6.304871554900827
2022_Ukr_Konfliktus,HUN,2023,190935609351.08862,5.154138285783005,77.29571035305838,-5.814606031416665
2022_Ukr_Konfliktus,HUN,2024,192341084856.94366,5.43868503543067,77.60764040798837,-5.516095415828485
2022_Ukr_Konfliktus,HUN,2025,191854160715.74753,5.187721705810462,77.82613970436861,-5.33433964604568
2022_Ukr_Konfliktus,HUN,2026,192022854597.84784,5.409065273755091,77.9791930628511,-5.223673029435586
2022_Ukr_Konfliktus,HUN,2027,191964410944.2057,5.213845616984514,78.08640315885984,-5.1562908492354165
2022_Ukr_Konfliktus,POL,2022,706668925017.2081,16.861276605444637,52.329881693259416,-2.756830930107131
2022_Ukr_Konfliktus,POL,2023,698392586133.5421,22.559235125375515,51.74383593584051,-3.177826290479902
2022_Ukr_Konfliktus,POL,2024,702307037345.7269,25.30919658728282,51.24149502552577,-3.341750912882524
2022_Ukr_Konfliktus,POL,2025,700455623513.1184,26.636389127474757,50.81090340877688,-3.405578889053209
2022_Ukr_Konfliktus,POL,2026,701331284747.292,27.27692175425544,50.44181314237143,-3.430431839649241
2022_Ukr_Konfliktus,POL,2027,700917124183.3331,27.586057040618055,50.125439995620894,-3.440108930955991
