Model_Order,Scenario,Country,Year,GDP_USD,Inflation_Rate,Public_Debt_Pct,Budget_Deficit_Pct
VAR_L4_AIC,2020_Covid19,AUT,2020,496613230922.2542,-0.15672411468461345,71.99436031469024,1.2475788361045979
VAR_L4_AIC,2020_Covid19,AUT,2021,514913577843.17694,0.4454296530885822,69.85377257727416,-1.3455782784536119
VAR_L4_AIC,2020_Covid19,AUT,2022,560680639474.9685,2.02128554236298,71.06857692996743,-0.01294161591826537
VAR_L4_AIC,2020_Covid19,AUT,2023,583197339755.4612,2.2533314079466944,73.12981950212432,-1.2686162848976075
VAR_L4_AIC,2020_Covid19,AUT,2024,617510826447.1356,1.349010600407893,75.34758913852146,0.6125331973275898
VAR_L4_AIC,2020_Covid19,AUT,2025,700653536967.0217,2.005939422910866,75.73746720747755,-1.0878629845199441
VAR_L4_AIC,2020_Covid19,DEU,2020,4414231123051.0205,3.3711748814973532,62.21476190028903,0.5348886351276523
VAR_L4_AIC,2020_Covid19,DEU,2021,4630395562991.738,2.259690587618321,69.19833876775327,-1.2861755767431315
VAR_L4_AIC,2020_Covid19,DEU,2022,4467906904316.648,2.1397430603332825,91.4430306984754,-6.209523093456964
VAR_L4_AIC,2020_Covid19,DEU,2023,4580397033968.838,1.6128653848523413,103.12483997755858,-5.988852963922373
VAR_L4_AIC,2020_Covid19,DEU,2024,4321825784876.209,2.340764942430713,113.06060152652994,-3.9692060906420537
VAR_L4_AIC,2020_Covid19,DEU,2025,4026812774649.174,1.8347055600408329,108.62953312306671,0.22957550256873205
VAR_L4_AIC,2020_Covid19,ESP,2020,1579607236829.9346,-0.7152431464874172,91.07206882883878,-1.1413141973918854
VAR_L4_AIC,2020_Covid19,ESP,2021,1820984460277.2734,1.500985348833093,87.77514249099666,-2.341886527190372
VAR_L4_AIC,2020_Covid19,ESP,2022,1864265616247.966,0.5869181049260688,90.42289191868963,-4.856049114428529
VAR_L4_AIC,2020_Covid19,ESP,2023,1889421786657.7305,0.7387813535985244,92.3104427883678,-3.5961948666333967
VAR_L4_AIC,2020_Covid19,ESP,2024,2110700641251.9158,1.1239677190124207,89.3486323252375,-1.8444575437869943
VAR_L4_AIC,2020_Covid19,ESP,2025,2275774049541.424,0.5477336063862763,94.95044532055469,-6.042858012378463
VAR_L4_AIC,2020_Covid19,EST,2020,33538922957.477283,5.10992578607476,9.508913145286812,-1.5595751529151505
VAR_L4_AIC,2020_Covid19,EST,2021,36133932085.108734,5.427747708805445,10.989072303465448,-2.313833465776897
VAR_L4_AIC,2020_Covid19,EST,2022,35806868114.92558,3.207082602340096,13.024376789863195,-2.1926203977009093
VAR_L4_AIC,2020_Covid19,EST,2023,35137914250.971275,1.61682902916629,14.312462401305797,-2.28796753886738
VAR_L4_AIC,2020_Covid19,EST,2024,33740444763.549263,-0.96486396981825,15.64001174846463,-1.5116718683149282
VAR_L4_AIC,2020_Covid19,EST,2025,33859769882.30677,-0.6432101201364695,15.842542085421822,-0.7057474021670993
VAR_L4_AIC,2020_Covid19,EU27,2020,,,,
VAR_L4_AIC,2020_Covid19,EU27,2021,,,,
VAR_L4_AIC,2020_Covid19,EU27,2022,,,,
VAR_L4_AIC,2020_Covid19,EU27,2023,,,,
VAR_L4_AIC,2020_Covid19,EU27,2024,,,,
VAR_L4_AIC,2020_Covid19,EU27,2025,,,,
VAR_L4_AIC,2020_Covid19,HUN,2020,173397793239.77094,11.438772289704602,53.84310959278467,3.471442086875591
VAR_L4_AIC,2020_Covid19,HUN,2021,201012358444.72736,22.579555176892455,38.80536672420055,9.607021723411322
VAR_L4_AIC,2020_Covid19,HUN,2022,217311772834.4794,37.91750257006875,17.636973958156922,17.836456438542236
VAR_L4_AIC,2020_Covid19,HUN,2023,241642317435.3563,64.32641855023861,-20.43172977711756,31.21302259041523
VAR_L4_AIC,2020_Covid19,HUN,2024,289512194993.37805,108.7106221586285,-90.80215176121499,53.123950137592104
VAR_L4_AIC,2020_Covid19,HUN,2025,358792326277.5421,184.66920030839697,-212.96667477685995,91.19844832077051
VAR_L4_AIC,2020_Covid19,POL,2020,633727507278.815,2.388207576521693,49.911109252348226,-3.678433064619411
VAR_L4_AIC,2020_Covid19,POL,2021,585808765596.0101,4.994403415363726,51.480288154192564,-7.23044428976494
VAR_L4_AIC,2020_Covid19,POL,2022,553783079490.0334,2.730416241360672,56.54424058297694,-6.9627661117591595
VAR_L4_AIC,2020_Covid19,POL,2023,561925592302.1309,2.817237219594169,59.58773571340928,-5.256087321365587
VAR_L4_AIC,2020_Covid19,POL,2024,559991089681.6926,2.2016114354044394,57.63151648244241,-3.6083709460395106
VAR_L4_AIC,2020_Covid19,POL,2025,557395295109.0841,0.609514037747239,54.91440620095712,-2.676122778182278
VAR_L4_AIC,2022_Ukr_Konfliktus,AUT,2022,471755616226.58093,5.832037779769487,86.87526490945541,-0.9949780428563493
VAR_L4_AIC,2022_Ukr_Konfliktus,AUT,2023,478601557900.2412,-1.054817868062174,83.21461482760219,-2.799999691346125
VAR_L4_AIC,2022_Ukr_Konfliktus,AUT,2024,461738714094.8966,3.401259423346428,91.05401525077023,-2.1510736515726796
VAR_L4_AIC,2022_Ukr_Konfliktus,AUT,2025,524576320295.81836,-0.6061215706543814,87.67795659037007,-3.615755646494948
VAR_L4_AIC,2022_Ukr_Konfliktus,AUT,2026,360934389192.2495,4.089488383956129,95.66815254897628,1.3404248617753716
VAR_L4_AIC,2022_Ukr_Konfliktus,AUT,2027,474845188357.51794,-2.055711608293027,79.28225280015349,-2.419340130207159
VAR_L4_AIC,2022_Ukr_Konfliktus,DEU,2022,5482973325803.922,1.711271242543516,69.90502934165946,1.384978918057552
VAR_L4_AIC,2022_Ukr_Konfliktus,DEU,2023,5310917901784.344,3.372441009382608,78.00403799281392,-0.24182863237746988
VAR_L4_AIC,2022_Ukr_Konfliktus,DEU,2024,6312162832138.079,1.992402883892034,85.51360578632682,-1.7478814385103956
VAR_L4_AIC,2022_Ukr_Konfliktus,DEU,2025,5515664040486.805,1.876301690366439,92.33389487746513,-1.4313279786290547
VAR_L4_AIC,2022_Ukr_Konfliktus,DEU,2026,5715207283470.123,0.24059707778954054,100.79655344191286,-0.38884669497913515
VAR_L4_AIC,2022_Ukr_Konfliktus,DEU,2027,5955125296575.332,3.6853897351461358,99.49601392425404,2.1574679429375156
VAR_L4_AIC,2022_Ukr_Konfliktus,ESP,2022,1357064425510.778,-4.140225968675996,117.52151348976454,-9.268348779213262
VAR_L4_AIC,2022_Ukr_Konfliktus,ESP,2023,968742621481.9192,1.4607492171792762,120.3524980509769,-6.117092330513486
VAR_L4_AIC,2022_Ukr_Konfliktus,ESP,2024,1284652050169.5752,0.7087123332941809,136.92059341815443,-6.047421025023596
VAR_L4_AIC,2022_Ukr_Konfliktus,ESP,2025,1428165661911.7886,4.651555230234569,121.36919177313291,-0.6952020705355437
VAR_L4_AIC,2022_Ukr_Konfliktus,ESP,2026,1185855083957.7432,-6.57087119317721,127.64383090187442,-7.218813001922086
VAR_L4_AIC,2022_Ukr_Konfliktus,ESP,2027,933235556660.9004,1.6794339761932031,126.77446908198641,-2.0782918057198003
VAR_L4_AIC,2022_Ukr_Konfliktus,EST,2022,37022339987.00789,-1.580446763905801,14.630553671565636,4.186222685341107
VAR_L4_AIC,2022_Ukr_Konfliktus,EST,2023,21152360462.62806,-9.620485784261174,16.035047635916232,0.8526968349042252
VAR_L4_AIC,2022_Ukr_Konfliktus,EST,2024,25541915618.38094,-8.362886281626256,18.947481009152497,-3.165374762288676
VAR_L4_AIC,2022_Ukr_Konfliktus,EST,2025,44351273229.925125,8.26185984545397,8.199173949350751,4.116790076234065
VAR_L4_AIC,2022_Ukr_Konfliktus,EST,2026,45930170280.516205,9.34409443101282,2.7025030430284254,2.8419860155927332
VAR_L4_AIC,2022_Ukr_Konfliktus,EST,2027,28301757089.042343,-7.950319268458355,20.033521423122053,-11.320091544082734
VAR_L4_AIC,2022_Ukr_Konfliktus,EU27,2022,,,,
VAR_L4_AIC,2022_Ukr_Konfliktus,EU27,2023,,,,
VAR_L4_AIC,2022_Ukr_Konfliktus,EU27,2024,,,,
VAR_L4_AIC,2022_Ukr_Konfliktus,EU27,2025,,,,
VAR_L4_AIC,2022_Ukr_Konfliktus,EU27,2026,,,,
VAR_L4_AIC,2022_Ukr_Konfliktus,EU27,2027,,,,
VAR_L4_AIC,2022_Ukr_Konfliktus,HUN,2022,207759020888.068,13.37073098277791,80.83481444654564,0.9972438489197728
VAR_L4_AIC,2022_Ukr_Konfliktus,HUN,2023,171533969643.51178,1.8943907179686619,86.45738518527004,-7.9343821472413865
VAR_L4_AIC,2022_Ukr_Konfliktus,HUN,2024,149376795958.62726,8.805292031089202,91.65156490850008,-2.642238850078627
VAR_L4_AIC,2022_Ukr_Konfliktus,HUN,2025,179839842099.4748,5.626973013879642,92.34974646052163,-4.5150498880991705
VAR_L4_AIC,2022_Ukr_Konfliktus,HUN,2026,148038625510.32526,8.639074360956286,86.93514653517909,2.3610170622546818
VAR_L4_AIC,2022_Ukr_Konfliktus,HUN,2027,123774928567.39137,2.589975437454825,87.04146373825462,-0.07693827040835544
VAR_L4_AIC,2022_Ukr_Konfliktus,POL,2022,881503358796.5338,14.433437647627978,55.35955028089747,-3.2596470545175915
VAR_L4_AIC,2022_Ukr_Konfliktus,POL,2023,796052739432.2299,9.630936934007636,56.02808417992295,-4.736031470276505
VAR_L4_AIC,2022_Ukr_Konfliktus,POL,2024,840370661275.5071,9.602254296357918,63.280763133338354,-9.70881431037567
VAR_L4_AIC,2022_Ukr_Konfliktus,POL,2025,832926282506.9056,7.319867809325844,63.03297487538045,-7.742165042843099
VAR_L4_AIC,2022_Ukr_Konfliktus,POL,2026,710974264071.3579,8.59923397778746,67.99025777553776,-7.532324645583181
VAR_L4_AIC,2022_Ukr_Konfliktus,POL,2027,670703010789.711,5.1492934554639405,67.8990550365679,-5.311783320950826
